"Время"; "Значение"

0; 342,28850137765517
0,001; 344,044751303454
0,002; 345,75255728483023
0,003; 347,410790299951
0,004; 349,11118481798337
0,005; 350,83438245804314
0,006; 352,40647954523916
0,007; 353,93065026678505
0,008; 355,47337621091174
0,009; 356,91178585778204
0,01; 358,0706088461769
0,011; 359,02568129538156
0,012; 359,9914758867461
0,013; 360,88806993093635
0,014; 361,6058325786399
0,015; 362,23811391800166
0,016; 362,87145271513714
0,017; 363,5075194942313
0,018; 364,3279350153583
0,019; 365,2611153182768
0,02; 366,1065125746593
0,021; 366,91262409125187
0,022; 367,6865511422098
0,023; 368,31911739317013
0,024; 368,86202954771903
0,025; 369,25911565400844
0,026; 369,49616257393717
0,027; 369,53077071239613
0,028; 369,43544095264616
0,029; 369,1183255085126
0,03; 368,58035866387314
0,031; 367,8464048036851
0,032; 366,9900075020416
0,033; 365,9989616815109
0,034; 365,00423834531716
0,035; 364,04597803654406
0,036; 363,0950622805003
0,037; 362,0657948083283
0,038; 361,11122408107633
0,039; 360,1210906672851
0,04; 358,94081111876835
0,041; 357,5779422463684
0,042; 356,18270165988986
0,043; 354,65592558659256
0,044; 352,9200469858432
0,045; 351,08831312763664
0,046; 349,29128813043144
0,047; 347,4947441586729
0,048; 345,6846247286003
0,049; 343,93409565763795
0,05; 342,1253836838831
0,051; 340,2705139393443
0,052; 338,4673633710665
0,053; 336,66432819069223
0,054; 334,8067116792628
0,055; 332,9549523396314
0,056; 331,2572308324471
0,057; 329,59511374012277
0,058; 327,8435767931765
0,059; 326,0886776564197
0,06; 324,4377253077365
0,061; 322,8342087216287
0,062; 321,2542386739682
0,063; 319,6858245544239
0,064; 318,1895258397054
0,065; 316,78670448939556
0,066; 315,3934650277792
0,067; 313,97291076153687
0,068; 312,5634009303468
0,069; 311,15983438181877
0,07; 309,7933954677945
0,071; 308,4728175529778
0,072; 307,1730092885339
0,073; 305,8729354253378
0,074; 304,5110808133809
0,075; 303,03990721836533
0,076; 301,54964487810463
0,077; 299,9323025084256
0,078; 298,1816550809576
0,079; 296,3304874628566
0,08; 294,4265663651169
0,081; 292,52596838576414
0,082; 290,72589789644115
0,083; 289,09035929697836
0,084; 287,5255221248331
0,085; 286,1430368707692
0,086; 285,0765645944002
0,087; 284,3156112523036
0,088; 283,65417501009995
0,089; 283,2837693519573
0,09; 283,21493050074537
0,091; 283,3278738375861
0,092; 283,5204839652611
0,093; 283,8209310016265
0,094; 284,1141495370283
0,095; 284,445099568012
0,096; 284,8698899504234
0,097; 285,36482134733444
0,098; 285,73262433563644
0,099; 286,089207807255
0,1; 286,6457468623073
0,101; 287,32399496729835
0,102; 287,9812030849972
0,103; 288,8196821648213
0,104; 289,8702752478216
0,105; 291,04835942379407
0,106; 292,2344732889437
0,107; 293,45125756914877
0,108; 294,66623779278336
0,109; 295,90941867196267
0,11; 297,1436390274146
0,111; 298,42969176090014
0,112; 299,8396605405338
0,113; 301,3612665680329
0,114; 302,7946705094672
0,115; 304,1961506586822
0,116; 305,54333954382804
0,117; 306,8412648080757
0,118; 308,14534937814847
0,119; 309,3681059910388
0,12; 310,5456130080284
0,121; 311,67823695897073
0,122; 312,8103646517778
0,123; 313,9800710435716
0,124; 315,08307284004695
0,125; 316,15645496480454
0,126; 317,4120992178781
0,127; 318,7145410329525
0,128; 319,8757343397284
0,129; 320,9417627814376
0,13; 322,07907912998877
0,131; 323,24580990579483
0,132; 324,30836615083615
0,133; 325,42728766730045
0,134; 326,74487609265054
0,135; 328,2635393217903
0,136; 329,7057861028022
0,137; 331,211239914164
0,138; 332,85634651098087
0,139; 334,4966204034864
0,14; 335,9742719889585
0,141; 337,2875669299219
0,142; 338,4747517119287
0,143; 339,48318894524596
0,144; 340,31217521423
0,145; 340,92996635092703
0,146; 341,34313248354
0,147; 341,57802418706996
0,148; 341,74371975017675
0,149; 341,79284677797284
0,15; 341,72086621042945
0,151; 341,59991860310186
0,152; 341,5203928516339
0,153; 341,45462846022355
0,154; 341,4524043661112
0,155; 341,54568952841475
0,156; 341,5869293190703
0,157; 341,64099484120396
0,158; 341,7033072499195
0,159; 341,75097380562147
0,16; 341,7758346062933
0,161; 341,78948061416077
0,162; 341,7384863332559
0,163; 341,4829067018826
0,164; 341,02278333947856
0,165; 340,3767073916273
0,166; 339,6267697709969
0,167; 338,76906931299334
0,168; 337,8253744643814
0,169; 336,7109300024288
0,17; 335,57209347686546
0,171; 334,42915053201483
0,172; 333,1688251793265
0,173; 331,86350008179966
0,174; 330,72049234879614
0,175; 329,55632927781363
0,176; 328,29126775030323
0,177; 326,93250035552313
0,178; 325,5968770695414
0,179; 324,25800474958174
0,18; 322,8229030989264
0,181; 321,36544772498127
0,182; 319,8486605639162
0,183; 318,2066746045118
0,184; 316,6140638444668
0,185; 315,03145395418494
0,186; 313,3251345432924
0,187; 311,6979785287535
0,188; 310,30179322546513
0,189; 309,06189951110446
0,19; 307,84431742819163
0,191; 306,67383863318025
0,192; 305,64060750791634
0,193; 304,6374964328351
0,194; 303,58802180142834
0,195; 302,50987890125975
0,196; 301,49039272463517
0,197; 300,5990460708015
0,198; 299,7292893768081
0,199; 298,9765650281321
0,2; 298,38246473751246
0,201; 297,95102381202
0,202; 297,5378294822876
0,203; 297,1392692231087
0,204; 296,7854438236156
0,205; 296,4096362530851
0,206; 295,9261315494383
0,207; 295,4300878247284
0,208; 294,9451226990624
0,209; 294,47610340914855
0,21; 294,0178715378105
0,211; 293,5695087029646
0,212; 293,1030102762313
0,213; 292,6095768271555
0,214; 292,07892510615187
0,215; 291,38901408540846
0,216; 290,6294607584852
0,217; 289,7738582077838
0,218; 288,9619295741676
0,219; 288,1407003555147
0,22; 287,3308988696041
0,221; 286,57241653615756
0,222; 285,952607247346
0,223; 285,48581644142917
0,224; 285,13772203168196
0,225; 284,92669987434374
0,226; 284,94981700287684
0,227; 285,15351435663473
0,228; 285,38819603700256
0,229; 285,76145650885064
0,23; 286,2200601713554
0,231; 286,6783652691224
0,232; 287,10501424376025
0,233; 287,45922415129814
0,234; 287,73708256519666
0,235; 287,96826817263945
0,236; 288,2820342033727
0,237; 288,7671500947859
0,238; 289,28025852134004
0,239; 289,9175786404871
0,24; 290,7164550546511
0,241; 291,6356020251386
0,242; 292,6451968046883
0,243; 293,80277285148014
0,244; 295,1241681873752
0,245; 296,50210822704685
0,246; 297,7953578270111
0,247; 298,9749585972213
0,248; 300,11658074813624
0,249; 301,2353516151562
0,25; 302,291584764415
0,251; 303,2718845367074
0,252; 304,2432859777367
0,253; 305,1635788869678
0,254; 306,00533763990495
0,255; 306,78668335523395
0,256; 307,6252532067772
0,257; 308,36200104922517
0,258; 308,94901227398725
0,259; 309,41694295266973
0,26; 309,8291779621661
0,261; 310,1399754639517
0,262; 310,50552538848086
0,263; 310,88353640408326
0,264; 311,1703609924855
0,265; 311,4693556214883
0,266; 311,9158600286237
0,267; 312,36294335405785
0,268; 312,6756659153365
0,269; 312,93832198788834
0,27; 313,25568851591515
0,271; 313,55350915484127
0,272; 313,7192066328672
0,273; 313,86385037135614
0,274; 314,16051684387094
0,275; 314,5740336168862
0,276; 314,98774888384526
0,277; 315,4237100336154
0,278; 315,9136931120653
0,279; 316,4753945903044
0,28; 316,95905271146455
0,281; 317,37614530434564
0,282; 317,789739752479
0,283; 318,1761485647431
0,284; 318,6368584419709
0,285; 319,1578151419744
0,286; 319,54308372628554
0,287; 319,8889416611921
0,288; 320,39361326760184
0,289; 320,877169778538
0,29; 321,2145864165808
0,291; 321,4478504593629
0,292; 321,73540962716606
0,293; 322,0534048552562
0,294; 322,3088637044603
0,295; 322,6315367239253
0,296; 322,98137930804256
0,297; 323,2617111365174
0,298; 323,47115502808833
0,299; 323,64930542771015
0,3; 323,7116821276596
0,301; 323,7309307469991
0,302; 323,8053713767201
0,303; 323,85413981237525
0,304; 323,7059333958483
0,305; 323,4542202242488
0,306; 323,11892870474543
0,307; 322,7510025556432
0,308; 322,40202953176833
0,309; 321,98250399031934
0,31; 321,50031809260554
0,311; 321,0298122321596
0,312; 320,5100772341646
0,313; 320,01409656673866
0,314; 319,57190361667654
0,315; 319,15351034043783
0,316; 318,64949577315645
0,317; 318,0631833084607
0,318; 317,45743142315075
0,319; 316,8375072040232
0,32; 316,1994259280456
0,321; 315,519908013502
0,322; 314,7323988546092
0,323; 313,88401826582253
0,324; 313,0774816368023
0,325; 312,3001581066942
0,326; 311,42908714129163
0,327; 310,5614820121561
0,328; 309,81099461891995
0,329; 309,04010096365135
0,33; 308,12028916324437
0,331; 307,1766927944228
0,332; 306,3644710909947
0,333; 305,57256746433563
0,334; 304,6373574814268
0,335; 303,6700760615621
0,336; 302,7078640563556
0,337; 301,78933082676116
0,338; 300,84596908442245
0,339; 299,90590130027135
0,34; 298,9945555566479
0,341; 298,1017331113504
0,342; 297,1821667622528
0,343; 296,27470953608804
0,344; 295,3070129024342
0,345; 294,25088263049656
0,346; 293,1857849479858
0,347; 292,0645874334287
0,348; 290,8136031823565
0,349; 289,5057930696935
0,35; 288,251481127593
0,351; 287,03667446234715
0,352; 285,77506005588884
0,353; 284,48947360772445
0,354; 283,217692378756
0,355; 281,9369021759968
0,356; 280,6414004338395
0,357; 279,3141246821775
0,358; 277,9360459824736
0,359; 276,4635345085715
0,36; 275,02452887617585
0,361; 273,5133053506938
0,362; 271,87887651302015
0,363; 270,2243732994265
0,364; 268,52998988598165
0,365; 266,8019576427497
0,366; 265,2584366594384
0,367; 263,7243176932174
0,368; 262,0266697533111
0,369; 260,36296594005466
0,37; 258,86836866212457
0,371; 257,40690885948345
0,372; 255,94536185763246
0,373; 254,5015655300442
0,374; 253,05150422847083
0,375; 251,6165112415341
0,376; 250,31980134914068
0,377; 249,20247245676714
0,378; 248,1315095115608
0,379; 247,12158565001977
0,38; 246,25609230631437
0,381; 245,4658909818227
0,382; 244,5896215288615
0,383; 243,74478576374463
0,384; 243,0945230971676
0,385; 242,52157648057005
0,386; 241,9996506742425
0,387; 241,54533497589867
0,388; 241,18070343805215
0,389; 240,99063464048993
0,39; 240,98964747686438
0,391; 241,15666964709254
0,392; 241,49275774771766
0,393; 241,9796652465539
0,394; 242,5224111549241
0,395; 243,10384925104535
0,396; 243,74900347576835
0,397; 244,38703128777348
0,398; 245,04222543449828
0,399; 245,6356429109842
0,4; 246,15391091440904
0,401; 246,6181595407882
0,402; 247,17364337576942
0,403; 247,7980506884456
0,404; 248,314874362289
0,405; 248,85592558051033
0,406; 249,6028927516141
0,407; 250,47574786925588
0,408; 251,42721577743526
0,409; 252,60714391202896
0,41; 254,0983197448868
0,411; 255,84121788293538
0,412; 257,7028073476218
0,413; 259,73446363166823
0,414; 262,0113444210358
0,415; 264,50240059905803
0,416; 267,0341616550343
0,417; 269,66895368578776
0,418; 272,43823248575336
0,419; 275,28944170590296
0,42; 278,1326729874919
0,421; 281,01670030496814
0,422; 283,91500914455634
0,423; 286,7481333955649
0,424; 289,72713764544693
0,425; 292,8398340420784
0,426; 295,86873174331413
0,427; 298,9672611009114
0,428; 302,30712573857056
0,429; 305,70950839271256
0,43; 309,0093556828689
0,431; 312,3448211197073
0,432; 315,8353202549799
0,433; 319,3967474290298
0,434; 322,86258168737413
0,435; 326,2414218105291
0,436; 329,5656086508427
0,437; 332,78167075338376
0,438; 335,974381867439
0,439; 339,1215296974468
0,44; 342,1589164377974
0,441; 345,20250514914665
0,442; 348,3594599756195
0,443; 351,509338164664
0,444; 354,5571407359429
0,445; 357,54897378529427
0,446; 360,48298513002607
0,447; 363,32031233925426
0,448; 366,0852552475654
0,449; 368,6329102448385
0,45; 371,04250248071804
0,451; 373,38766254230404
0,452; 375,52510798188575
0,453; 377,5126326593235
0,454; 379,60116450645
0,455; 381,6883619018764
0,456; 383,62008493777773
0,457; 385,4560445070308
0,458; 387,29233723432856
0,459; 389,1148928139579
0,46; 390,98114407668106
0,461; 392,8807928919261
0,462; 394,7291304101083
0,463; 396,4901473505787
0,464; 398,2865222427666
0,465; 400,08893654500355
0,466; 401,73751700629623
0,467; 403,2458791424008
0,468; 404,6531059348956
0,469; 405,8341778385636
0,47; 406,6668064333637
0,471; 407,19531385830885
0,472; 407,5854101405836
0,473; 407,79481807078355
0,474; 407,78146771279285
0,475; 407,6047487770237
0,476; 407,37905168172347
0,477; 407,0809945205605
0,478; 406,7559124101686
0,479; 406,4177911423734
0,48; 406,08594469549814
0,481; 405,7727130822629
0,482; 405,42702355107724
0,483; 405,0352186982501
0,484; 404,56530356677433
0,485; 403,9275197898007
0,486; 403,21024109905613
0,487; 402,3527936236177
0,488; 401,21844614833344
0,489; 399,8494043093922
0,49; 398,29883486590234
0,491; 396,49198912182493
0,492; 394,3734661564905
0,493; 392,0214866718289
0,494; 389,5829453514669
0,495; 387,0350604333286
0,496; 384,4636549080767
0,497; 381,91314227768623
0,498; 379,30681988792287
0,499; 376,6736240904676
0,5; 374,0838870421835
0,501; 371,4726726520733
0,502; 368,8968504468486
0,503; 366,3976244366427
0,504; 363,7825288266728
0,505; 361,1606798982974
0,506; 358,7026534696203
0,507; 356,33416281818955
0,508; 353,8851364472489
0,509; 351,475857440141
0,51; 349,0732235470879
0,511; 346,51795009208564
0,512; 343,84920185915854
0,513; 341,054035119387
0,514; 338,1888988038292
0,515; 335,2606353464024
0,516; 332,43855920816833
0,517; 329,713625267507
0,518; 326,9407169541669
0,519; 324,29224710875167
0,52; 321,8517582590481
0,521; 319,579014880151
0,522; 317,310912863191
0,523; 315,1670298347241
0,524; 313,2239919936303
0,525; 311,40212392906017
0,526; 309,6096904244502
0,527; 307,96612348109073
0,528; 306,4958221041244
0,529; 305,1708538098588
0,53; 303,86107717801156
0,531; 302,602186058825
0,532; 301,49520566660783
0,533; 300,4749878905326
0,534; 299,3250700817713
0,535; 298,0915077628472
0,536; 296,9272914221255
0,537; 295,7706050740784
0,538; 294,6137738412937
0,539; 293,48733693726433
0,54; 292,31976409879275
0,541; 291,16890139818787
0,542; 290,166217206769
0,543; 289,3189754886307
0,544; 288,46444845741934
0,545; 287,73841467738066
0,546; 287,31454937681985
0,547; 287,12061481217273
0,548; 287,05635331718
0,549; 287,23067050410737
0,55; 287,79423194126196
0,551; 288,6929838032136
0,552; 289,7265322754654
0,553; 290,92891759995314
0,554; 292,42956123406543
0,555; 294,12426004206117
0,556; 295,75187081985877
0,557; 297,4018810624487
0,558; 299,19607399676255
0,559; 301,0341332202264
0,56; 302,8860338039792
0,561; 304,7367551078841
0,562; 306,50352305741455
0,563; 308,2636936235156
0,564; 310,1949688797139
0,565; 312,22734362626835
0,566; 314,1637459545922
0,567; 316,18703899565816
0,568; 318,5184367372468
0,569; 321,02218926399973
0,57; 323,52553626379137
0,571; 326,1286277121769
0,572; 328,96112754397166
0,573; 331,9168163611489
0,574; 334,8172905427947
0,575; 337,69924818067443
0,576; 340,49503289636107
0,577; 343,2057845022101
0,578; 346,0236360514725
0,579; 348,80191067316537
0,58; 351,3868875498425
0,581; 353,83076029865424
0,582; 356,21149999849
0,583; 358,49815718354307
0,584; 360,68793586687684
0,585; 362,72722859150105
0,586; 364,5979261266832
0,587; 366,2813004728805
0,588; 367,8655973842573
0,589; 369,3922703167286
0,59; 370,95014537011343
0,591; 372,5498191167914
0,592; 374,1139291186418
0,593; 375,6704124339449
0,594; 377,3095100260948
0,595; 379,063450267445
0,596; 380,82624389188953
0,597; 382,6188565307389
0,598; 384,34405939631245
0,599; 385,92901331360133
0,6; 387,4387318619612
0,601; 388,7815734026152
0,602; 389,96107925084505
0,603; 390,93380186946587
0,604; 391,8079474377147
0,605; 392,4962443033712
0,606; 392,97358099780536
0,607; 393,2179208333041
0,608; 393,2789820489504
0,609; 393,17944032183465
0,61; 392,9142944557676
0,611; 392,4606257417283
0,612; 391,9448337935228
0,613; 391,35164111522727
0,614; 390,66256558104396
0,615; 389,94733825275705
0,616; 389,26387244990275
0,617; 388,5573114380517
0,618; 387,7758768286524
0,619; 386,9989897696709
0,62; 386,1771609234659
0,621; 385,28126961281
0,622; 384,3643648712102
0,623; 383,3941569998967
0,624; 382,29930085898224
0,625; 381,0544237159261
0,626; 379,6639964981489
0,627; 377,9892026897421
0,628; 375,98858433959674
0,629; 373,69356925822524
0,63; 371,20966519511217
0,631; 368,5184332354482
0,632; 365,6242162429726
0,633; 362,6069183505028
0,634; 359,5157046556243
0,635; 356,39565482247383
0,636; 353,3088868544004
0,637; 350,2811177139563
0,638; 347,1791133438605
0,639; 344,05724396735894
0,64; 340,89335339679735
0,641; 337,7124897243008
0,642; 334,61502636219154
0,643; 331,490734977648
0,644; 328,266517047207
0,645; 325,0118570724084
0,646; 321,89720016506317
0,647; 318,78558857826414
0,648; 315,5012232340475
0,649; 312,1238756316242
0,65; 308,85618313560497
0,651; 305,64670432326506
0,652; 302,3199921576065
0,653; 298,94921802068336
0,654; 295,60483720838846
0,655; 292,2793505781395
0,656; 289,0374337594342
0,657; 285,91285243604887
0,658; 282,82027733392295
0,659; 279,92690909477324
0,66; 277,32613356849765
0,661; 275,00004360660427
0,662; 272,80200375633046
0,663; 270,8228126127829
0,664; 269,0640643564659
0,665; 267,506039422253
0,666; 266,00787551534535
0,667; 264,6503717906703
0,668; 263,4934599383237
0,669; 262,3993813188153
0,67; 261,25636948096593
0,671; 260,171727993365
0,672; 259,13217421685374
0,673; 258,1247787402334
0,674; 257,1672910275558
0,675; 256,1958375130012
0,676; 255,1477048802954
0,677; 254,11149045826835
0,678; 253,24525468993883
0,679; 252,50337404960143
0,68; 251,79937699434163
0,681; 251,25232447171732
0,682; 250,89880608762442
0,683; 250,67979701258588
0,684; 250,50334274195552
0,685; 250,47996135069235
0,686; 250,66377600832885
0,687; 251,1067709561201
0,688; 251,72382046129687
0,689; 252,6188951365174
0,69; 253,8175096586611
0,691; 255,30769241540932
0,692; 256,87768808009827
0,693; 258,52672543192284
0,694; 260,3134078342857
0,695; 262,18462466005747
0,696; 264,1207299504962
0,697; 266,0851720541078
0,698; 267,9947061851204
0,699; 269,92602110154667
0,7; 272,03119838696597
0,701; 274,2460370511378
0,702; 276,38951309174854
0,703; 278,5497940050642
0,704; 280,8659252926804
0,705; 283,27241276803073
0,706; 285,6350400229072
0,707; 288,1819374581873
0,708; 291,0404724112754
0,709; 294,13026748649764
0,71; 297,26262089147764
0,711; 300,48997559994365
0,712; 303,9428737684814
0,713; 307,4697033499417
0,714; 310,9775284171657
0,715; 314,4108350924822
0,716; 317,7096921952602
0,717; 320,8780029614394
0,718; 324,05567509576133
0,719; 327,1700002900183
0,72; 330,16277350213136
0,721; 333,1015200143812
0,722; 336,0416956562003
0,723; 338,9272244614652
0,724; 341,6799561594469
0,725; 344,3688453180987
0,726; 347,00186179088166
0,727; 349,4990765441486
0,728; 351,90726450825525
0,729; 354,2645139183759
0,73; 356,5658216394928
0,731; 358,7505451074556
0,732; 360,98508265255583
0,733; 363,23677384388145
0,734; 365,49777424405556
0,735; 367,75624622903933
0,736; 369,96398634795867
0,737; 372,1064220429701
0,738; 374,1851975506412
0,739; 376,12405805661484
0,74; 377,92807441461434
0,741; 379,632365638279
0,742; 381,3135576161914
0,743; 382,93481311095604
0,744; 384,5116464064055
0,745; 385,9969621004036
0,746; 387,4763380597754
0,747; 388,85846583759445
0,748; 390,05419785238024
0,749; 391,0997252242089
0,75; 392,0498067040436
0,751; 392,9074212519473
0,752; 393,8784883302495
0,753; 395,00123717120624
0,754; 396,098530227841
0,755; 397,3118259769742
0,756; 398,7400950363765
0,757; 400,2798294232057
0,758; 401,8759192930736
0,759; 403,5031550826564
0,76; 405,1440907235186
0,761; 406,7267333369409
0,762; 408,27034081142364
0,763; 409,85680522749556
0,764; 411,4460151515061
0,765; 413,0029942282616
0,766; 414,4686090294422
0,767; 415,7655959359131
0,768; 416,91834675295854
0,769; 417,83186949299704
0,77; 418,49390209119645
0,771; 418,9273917604141
0,772; 419,2335855380036
0,773; 419,4854438567043
0,774; 419,7221386770493
0,775; 419,9290230024019
0,776; 420,06651414898363
0,777; 420,2295855113929
0,778; 420,5173998614904
0,779; 420,79664081703834
0,78; 420,96364613500555
0,781; 421,0432503704305
0,782; 421,1690414649349
0,783; 421,31013059101167
0,784; 421,41111539102246
0,785; 421,544714701958
0,786; 421,8322290059358
0,787; 422,19819596884474
0,788; 422,47579104196143
0,789; 422,736838337555
0,79; 423,0648528708749
0,791; 423,4211822339401
0,792; 423,5853720446647
0,793; 423,70935696285346
0,794; 423,79843348565237
0,795; 423,89294845551296
0,796; 424,1865328486653
0,797; 424,5028947104811
0,798; 424,6494534500699
0,799; 424,78232242505607
0,8; 425,11202479403113
0,801; 425,46075649376877
0,802; 425,6400304900692
0,803; 425,8434373291212
0,804; 426,29978301173014
0,805; 426,9112684585126
0,806; 427,50112437790733
0,807; 428,2959587823104
0,808; 429,4454550644519
0,809; 430,8121753426872
0,81; 432,2418023449861
0,811; 433,80535994010506
0,812; 435,40050253068944
0,813; 436,9339860001166
0,814; 438,36256570702926
0,815; 439,6047950750994
0,816; 440,6301804992107
0,817; 441,4266455809762
0,818; 442,1509316700358
0,819; 442,77111868888153
0,82; 443,2095523026603
0,821; 443,5392285521846
0,822; 443,84264649184826
0,823; 443,98153949254174
0,824; 443,9061776391343
0,825; 443,8038025641905
0,826; 443,84527555233024
0,827; 444,0052381840751
0,828; 444,24110581450594
0,829; 444,6622194022732
0,83; 445,36387287777916
0,831; 446,2204830630655
0,832; 447,0104864852202
0,833; 447,80159630315507
0,834; 448,7206296734173
0,835; 449,6102132271143
0,836; 450,3500012074302
0,837; 450,9507869968106
0,838; 451,3741824307241
0,839; 451,5869892933024
0,84; 451,6835642864961
0,841; 451,6515261211637
0,842; 451,43351072075757
0,843; 451,05416087603794
0,844; 450,69400578920397
0,845; 450,317140784029
0,846; 449,82029689426986
0,847; 449,351500956632
0,848; 449,07369927600075
0,849; 448,91993961406405
0,85; 448,7879148880146
0,851; 448,7584560030907
0,852; 448,9377889529587
0,853; 449,16316086693075
0,854; 449,40130623598907
0,855; 449,6888606296909
0,856; 449,93293289941766
0,857; 450,1650530656343
0,858; 450,3929672187171
0,859; 450,561645037101
0,86; 450,58233238187154
0,861; 450,52559961988015
0,862; 450,4337045825164
0,863; 450,1586238146841
0,864; 449,67999034569755
0,865; 448,95377521274656
0,866; 448,05089212398184
0,867; 446,85747759903154
0,868; 445,43947304600636
0,869; 443,7632498646849
0,87; 441,897998191894
0,871; 439,8439303126622
0,872; 437,74106937745995
0,873; 435,58768823766394
0,874; 433,4378779846669
0,875; 431,3123751645618
0,876; 429,1949105428355
0,877; 427,1769898429227
0,878; 425,2483837883336
0,879; 423,30903752508243
0,88; 421,310917766393
0,881; 419,3187106347498
0,882; 417,4571472858913
0,883; 415,64672957448727
0,884; 413,78722479963153
0,885; 411,83363239836433
0,886; 409,7777482015417
0,887; 407,50190076964475
0,888; 404,9231007796026
0,889; 402,0406167768127
0,89; 398,8924114013818
0,891; 395,5986077690208
0,892; 392,29543579344784
0,893; 389,0358744220073
0,894; 385,7454784408209
0,895; 382,6010968488058
0,896; 379,76708783204697
0,897; 377,1185862891461
0,898; 374,4648075888756
0,899; 372,02287477906503
0,9; 369,89351248599087
0,901; 367,9324790449157
0,902; 365,9453246330104
0,903; 364,0279548516288
0,904; 362,17057057690687
0,905; 360,22927619982227
0,906; 358,18105698514364
0,907; 356,0107224315448
0,908; 353,69448198219317
0,909; 351,23072226927314
0,91; 348,6726633517419
0,911; 346,0787588038256
0,912; 343,4491728018579
0,913; 340,8035844578251
0,914; 338,1125100701801
0,915; 335,40869840113714
0,916; 332,72208797067526
0,917; 330,07145777316936
0,918; 327,5155785619596
0,919; 325,09454739782973
0,92; 322,7017064675886
0,921; 320,3842806812581
0,922; 318,2581571834031
0,923; 316,30931101261933
0,924; 314,30391833579574
0,925; 312,407531946886
0,926; 310,7678234411093
0,927; 309,2624552757643
0,928; 307,6679844309142
0,929; 306,17089731981065
0,93; 304,87011888289476
0,931; 303,6110202867457
0,932; 302,20429815352196
0,933; 300,8210287817473
0,934; 299,5061317207519
0,935; 298,1924019927534
0,936; 296,8728440304467
0,937; 295,5249857088229
0,938; 294,1335645607574
0,939; 292,8015799576663
0,94; 291,68876763627554
0,941; 290,74861552526875
0,942; 289,7848855162912
0,943; 288,98336360621727
0,944; 288,4209221046707
0,945; 288,0834994806885
0,946; 287,8746264565559
0,947; 287,9651556664108
0,948; 288,3992518852372
0,949; 289,1747273245548
0,95; 290,16510740713375
0,951; 291,29591842519443
0,952; 292,5391420462078
0,953; 293,81781997529504
0,954; 295,0812883297833
0,955; 296,3067852576679
0,956; 297,46389351412523
0,957; 298,5639053533797
0,958; 299,67713251748063
0,959; 300,7831737410795
0,96; 301,79451280998376
0,961; 302,7493838135564
0,962; 303,7473084910069
0,963; 304,763644485148
0,964; 305,7928792030676
0,965; 306,8560959621966
0,966; 307,9818195057203
0,967; 309,21026136889833
0,968; 310,5285216251866
0,969; 311,93241584014993
0,97; 313,4525327000825
0,971; 314,9395977167552
0,972; 316,32844797759253
0,973; 317,6964727404304
0,974; 319,14184210170447
0,975; 320,5923600244311
0,976; 321,9569064394125
0,977; 323,3798952293711
0,978; 324,9580345089986
0,979; 326,512144567266
0,98; 327,99767380972037
0,981; 329,4906934996694
0,982; 331,02694741466325
0,983; 332,5928205976795
0,984; 334,2526169544568
0,985; 335,9756121668836
0,986; 337,6329736178717
0,987; 339,26117633076575
0,988; 340,9405524115121
0,989; 342,5825967906073
0,99; 344,0551358302312
0,991; 345,4816875468039
0,992; 347,0084905012308
0,993; 348,5000159912346
0,994; 349,91702231400086
0,995; 351,39879750342516
0,996; 353,01319585309415
0,997; 354,69337447102424
0,998; 356,34777536917295
0,999; 358,0357050613617
1; 359,7486731347925
1,001; 361,42647838654324
1,002; 363,02800748951523
1,003; 364,4808909605897
1,004; 365,8260844970257
1,005; 366,98905704779685
1,006; 368,00186990822226
1,007; 368,77436665418577
1,008; 369,35886743696415
1,009; 369,73058388402916
1,01; 369,99366854525425
1,011; 370,19517250427793
1,012; 370,3347539670995
1,013; 370,3997265345675
1,014; 370,4462951480342
1,015; 370,4551404225796
1,016; 370,43847460948956
1,017; 370,3974513845824
1,018; 370,4284103992928
1,019; 370,4202091507474
1,02; 370,2913332417319
1,021; 370,1123216685646
1,022; 370,0359702260462
1,023; 369,9766482881061
1,024; 369,83987910028645
1,025; 369,7403189450463
1,026; 369,72766347885374
1,027; 369,68468929244443
1,028; 369,5045921839763
1,029; 369,26303183826224
1,03; 369,0204359269269
1,031; 368,789961473741
1,032; 368,547339736698
1,033; 368,2381271746507
1,034; 367,812191168895
1,035; 367,3675920415527
1,036; 367,02591828388404
1,037; 366,6872317440092
1,038; 366,24984681510773
1,039; 365,87866997572803
1,04; 365,6846073646558
1,041; 365,5796026083261
1,042; 365,34475765530465
1,043; 365,03824604344015
1,044; 364,71502126258025
1,045; 364,3612499633505
1,046; 363,93439781963644
1,047; 363,5032791731865
1,048; 363,127496908337
1,049; 362,820017640604
1,05; 362,58107208634146
1,051; 362,44383160457085
1,052; 362,38084918397993
1,053; 362,3132777320846
1,054; 362,2139266026027
1,055; 362,0296053504894
1,056; 361,7133739511637
1,057; 361,26385547971034
1,058; 360,66185663744375
1,059; 359,90176552997923
1,06; 358,9679676049344
1,061; 357,9324169002684
1,062; 356,93998792853995
1,063; 355,9807882813617
1,064; 354,99479195721943
1,065; 354,07579188522766
1,066; 353,27470496402765
1,067; 352,64526934951783
1,068; 352,18998739744427
1,069; 351,92715935547886
1,07; 351,8585230882322
1,071; 351,838227119125
1,072; 351,74737069093
1,073; 351,64236985994285
1,074; 351,5820227812447
1,075; 351,4358409882383
1,076; 351,09645177199445
1,077; 350,676490332483
1,078; 350,23795467231673
1,079; 349,7353062352831
1,08; 349,3258839864864
1,081; 349,01163978500966
1,082; 348,6360090459825
1,083; 348,3341138310691
1,084; 348,20755165900965
1,085; 348,1553387307878
1,086; 348,0744018161802
1,087; 348,14509644384464
1,088; 348,49717599750295
1,089; 348,9895636272815
1,09; 349,4269283576758
1,091; 349,9579500174211
1,092; 350,7395663452546
1,093; 351,6393635452704
1,094; 352,49926787390234
1,095; 353,33816131230105
1,096; 354,1598552663179
1,097; 354,92654853894277
1,098; 355,62401385219266
1,099; 356,2320365396416
1,1; 356,79233707485275
1,101; 357,23066726850163
1,102; 357,62662310254814
1,103; 357,90341410597637
1,104; 358,1173168072314
1,105; 358,19239576152864
1,106; 358,16818488910803
1,107; 358,02384651547663
1,108; 357,84341835715173
1,109; 357,5543648718693
1,11; 357,234878634551
1,111; 356,87167882549596
1,112; 356,4494337414844
1,113; 356,12734568912214
1,114; 356,0220346682298
1,115; 355,9859278069736
1,116; 355,82053481310487
1,117; 355,7159732554988
1,118; 355,9178923596759
1,119; 356,24653338396183
1,12; 356,533675470319
1,121; 356,87560890388585
1,122; 357,3739669444272
1,123; 357,96916763004754
1,124; 358,5387070397928
1,125; 359,10990308485407
1,126; 359,72579896853057
1,127; 360,2915543894256
1,128; 360,76493982515353
1,129; 361,15263805302027
1,13; 361,391813678278
1,131; 361,5643956356123
1,132; 361,82435220865443
1,133; 362,1172704997305
1,134; 362,3401137018368
1,135; 362,6354245565313
1,136; 363,1324537214433
1,137; 363,6987036096755
1,138; 364,25713571115364
1,139; 364,8880218634897
1,14; 365,5532958410755
1,141; 366,1644554313875
1,142; 366,70635837824375
1,143; 367,1133962185662
1,144; 367,45572181772343
1,145; 367,6553364584186
1,146; 367,70256479512295
1,147; 367,51477238459637
1,148; 367,1073989261129
1,149; 366,4772506244411
1,15; 365,7297940964146
1,151; 364,81048491426895
1,152; 363,72635641303066
1,153; 362,5494797184626
1,154; 361,2948721014783
1,155; 359,9928202999097
1,156; 358,75249158700444
1,157; 357,5275618155482
1,158; 356,2367525244125
1,159; 354,950858453693
1,16; 353,5521221740878
1,161; 352,112088260653
1,162; 350,73775295575746
1,163; 349,36732659289834
1,164; 347,9034491004659
1,165; 346,4604155090755
1,166; 345,10946128914634
1,167; 343,79334758703413
1,168; 342,36555511283154
1,169; 341,01572729274915
1,17; 339,79563267442927
1,171; 338,53683823323144
1,172; 337,134087721337
1,173; 335,6099743060781
1,174; 334,01405986355957
1,175; 332,3865688614149
1,176; 330,89267347464585
1,177; 329,48544120869235
1,178; 327,93447684666296
1,179; 326,3808736027854
1,18; 324,90699449823745
1,181; 323,4720144857231
1,182; 321,87286249967406
1,183; 320,2624732359416
1,184; 318,74432370978485
1,185; 317,2300990778044
1,186; 315,6809059550764
1,187; 314,15549929585427
1,188; 312,55179459590147
1,189; 310,889914078063
1,19; 309,16446113536415
1,191; 307,3861768553918
1,192; 305,5673392377296
1,193; 303,6295346450538
1,194; 301,69549227188634
1,195; 299,71809568024895
1,196; 297,6819255286335
1,197; 295,61066776435337
1,198; 293,447647480473
1,199; 291,2202715589271
1,2; 288,9060620511375
1,201; 286,5575989388997
1,202; 284,1850174547242
1,203; 281,7766566763849
1,204; 279,3224549950503
1,205; 276,88808773835103
1,206; 274,59519117911725
1,207; 272,3624989409632
1,208; 270,1409692730192
1,209; 268,0298200797215
1,21; 266,0768903372326
1,211; 264,1920603582231
1,212; 262,19895119959097
1,213; 260,2301381309405
1,214; 258,4353243855444
1,215; 256,65362132297594
1,216; 254,72895994366115
1,217; 252,75132653168944
1,218; 250,87461924409806
1,219; 249,02108367628
1,22; 247,2981707786984
1,221; 245,66522321178218
1,222; 243,9862548490537
1,223; 242,48633904977663
1,224; 241,23639273975363
1,225; 240,20286416309037
1,226; 239,28637989868446
1,227; 238,65425624208973
1,228; 238,35791494124913
1,229; 238,24929459593614
1,23; 238,15024511527668
1,231; 238,21216773823784
1,232; 238,51904163148524
1,233; 238,89963272296478
1,234; 239,2299966920587
1,235; 239,58134296637576
1,236; 239,8744653175429
1,237; 240,06178746131994
1,238; 240,3919626495367
1,239; 240,7771126074349
1,24; 241,15985107553485
1,241; 241,58799743940148
1,242; 242,2133080774843
1,243; 242,93104525682048
1,244; 243,69461054462784
1,245; 244,57258183576516
1,246; 245,5035301676887
1,247; 246,40176622493232
1,248; 247,34563303429087
1,249; 248,2535232698132
1,25; 249,18373133006327
1,251; 250,20710890229952
1,252; 251,26282338505678
1,253; 252,50270348781507
1,254; 253,90015405244213
1,255; 255,44795110213846
1,256; 256,9803148255944
1,257; 258,5653169378119
1,258; 260,30830227417835
1,259; 262,10590665260094
1,26; 263,9381744733617
1,261; 265,7866420768934
1,262; 267,7023230050988
1,263; 269,73643108298603
1,264; 271,8422292252985
1,265; 274,09465470199285
1,266; 276,37157501641803
1,267; 278,8454487176433
1,268; 281,60849139276036
1,269; 284,6080125542242
1,27; 287,70081716360073
1,271; 290,990356107465
1,272; 294,520691291489
1,273; 298,1749749348997
1,274; 301,73929243610877
1,275; 305,35882003791096
1,276; 309,1050133734282
1,277; 312,86075476313795
1,278; 316,59648233887424
1,279; 320,3266607419006
1,28; 324,0785358637744
1,281; 327,94355316941443
1,282; 331,9830824535385
1,283; 336,063203338011
1,284; 340,0929562495014
1,285; 344,11370915955763
1,286; 348,13930355018897
1,287; 352,1125900312575
1,288; 355,9613796231773
1,289; 359,78148921251346
1,29; 363,68716548338614
1,291; 367,58653957961906
1,292; 371,4243983812077
1,293; 375,30542836690097
1,294; 379,30108596493176
1,295; 383,3339693365802
1,296; 387,374176963128
1,297; 391,5286292312338
1,298; 395,6041301132285
1,299; 399,6081310468712
1,3; 403,5828082322023
1,301; 407,47286476780346
1,302; 411,2322855672525
1,303; 414,8472047430861
1,304; 418,3126447557912
1,305; 421,58126594733955
1,306; 424,71075288700064
1,307; 427,7020240641049
1,308; 430,53747912610424
1,309; 433,2667608632863
1,31; 435,89513261074296
1,311; 438,41899118496326
1,312; 440,8694914763574
1,313; 443,2434898431311
1,314; 445,53532813272113
1,315; 447,7664587930998
1,316; 450,11695750676733
1,317; 452,52814818488935
1,318; 454,8004993555196
1,319; 457,08720554273634
1,32; 459,4630358558019
1,321; 461,8719628120884
1,322; 464,16671953785703
1,323; 466,37158093945766
1,324; 468,52239898781284
1,325; 470,49814648915196
1,326; 472,3026521915799
1,327; 473,96688212518154
1,328; 475,4719066556629
1,329; 476,7571786795446
1,33; 477,79686753149423
1,331; 478,6027537530713
1,332; 479,304748811634
1,333; 479,81635962831325
1,334; 480,2150321470986
1,335; 480,5368132222111
1,336; 480,85667183413693
1,337; 481,19078334529354
1,338; 481,4448774446639
1,339; 481,6910113868116
1,34; 481,8822694838802
1,341; 481,95065777938515
1,342; 481,9768872989017
1,343; 481,83489325191374
1,344; 481,50105372753757
1,345; 481,00492689039856
1,346; 480,42549100731156
1,347; 479,63857342559277
1,348; 478,666052546333
1,349; 477,50768548337976
1,35; 476,2218091903712
1,351; 474,7837437674031
1,352; 473,1754536514707
1,353; 471,50248345640045
1,354; 469,8195082725847
1,355; 468,10686838938483
1,356; 466,3839634771114
1,357; 464,66327221115887
1,358; 462,91991426638623
1,359; 461,1215708972962
1,36; 459,2976321343537
1,361; 457,3003339439701
1,362; 455,0873729729416
1,363; 452,814031277366
1,364; 450,58780564495976
1,365; 448,3548394686411
1,366; 446,0521444803947
1,367; 443,7775440556861
1,368; 441,6154318991461
1,369; 439,4347144707395
1,37; 437,1381594726066
1,371; 434,82239606738847
1,372; 432,54355438643654
1,373; 430,1347832866287
1,374; 427,5705368882199
1,375; 424,8947138515732
1,376; 422,1588987357885
1,377; 419,3013348137133
1,378; 416,5048709803209
1,379; 413,6869050899645
1,38; 410,77866412866547
1,381; 407,8495978155967
1,382; 405,03901004580945
1,383; 402,2364216633591
1,384; 399,39416981738066
1,385; 396,6009716116764
1,386; 393,88992011174594
1,387; 391,16126409377046
1,388; 388,33993563062995
1,389; 385,50786309434545
1,39; 382,8438248701487
1,391; 380,214186881135
1,392; 377,4838067791359
1,393; 374,8551749025735
1,394; 372,4415270332694
1,395; 370,027519366006
1,396; 367,4236463056181
1,397; 364,8240462907304
1,398; 362,3342492373009
1,399; 359,75850492484443
1,4; 357,0675677264246
1,401; 354,2766194949653
1,402; 351,38183111312696
1,403; 348,4597408619151
1,404; 345,5827333946604
1,405; 342,67438368932375
1,406; 339,7711679863051
1,407; 336,8721162616678
1,408; 334,0503296600415
1,409; 331,255776266245
1,41; 328,47160434254414
1,411; 325,8123740325369
1,412; 323,35770670798996
1,413; 321,0087162171909
1,414; 318,6521564033543
1,415; 316,35323434195806
1,416; 314,15976002694117
1,417; 311,9444757181724
1,418; 309,73448755631784
1,419; 307,6192542201692
1,42; 305,58519650519213
1,421; 303,7158639003587
1,422; 301,94994469747706
1,423; 300,2433328568823
1,424; 298,5941573199667
1,425; 296,9695557254951
1,426; 295,3919914535178
1,427; 293,7769729662283
1,428; 292,08983021909563
1,429; 290,4375537849045
1,43; 288,8612371595349
1,431; 287,2568021048967
1,432; 285,6063693159903
1,433; 284,0090361096115
1,434; 282,44906122000936
1,435; 280,9287353526704
1,436; 279,3912010696032
1,437; 277,88628511981807
1,438; 276,37317909925275
1,439; 274,8987551355499
1,44; 273,4334497908978
1,441; 271,9949494323721
1,442; 270,61326674077725
1,443; 269,23052422859325
1,444; 267,80657298935955
1,445; 266,4674315853281
1,446; 265,29796031897877
1,447; 264,22655660926324
1,448; 263,2303693834903
1,449; 262,4195144199697
1,45; 261,74403359204285
1,451; 261,1669409380729
1,452; 260,66433637037335
1,453; 260,2238756595422
1,454; 259,76144563351374
1,455; 259,37057567724986
1,456; 259,14199015858134
1,457; 258,9290758223343
1,458; 258,64625198432554
1,459; 258,47481887506035
1,46; 258,44392343680886
1,461; 258,5544339623528
1,462; 258,73946538975946
1,463; 259,1164400668121
1,464; 259,6676431264538
1,465; 260,3504286352591
1,466; 261,0411822041359
1,467; 261,8054197923069
1,468; 262,6109272523435
1,469; 263,43371952568845
1,47; 264,1662470422912
1,471; 264,84556054098914
1,472; 265,47855559046695
1,473; 265,9198387671339
1,474; 266,17565986646696
1,475; 266,35577003832003
1,476; 266,4993962604188
1,477; 266,55572202362754
1,478; 266,60557021460295
1,479; 266,61810688240587
1,48; 266,59759678909745
1,481; 266,56578332502664
1,482; 266,5726580944166
1,483; 266,62258195052624
1,484; 266,66360559045927
1,485; 266,80368155725057
1,486; 267,0703848532836
1,487; 267,52896712872524
1,488; 268,05970487188597
1,489; 268,7562730894691
1,49; 269,640832885581
1,491; 270,52620860274
1,492; 271,34177892815666
1,493; 272,1339834063822
1,494; 272,98151422573153
1,495; 273,7580643255945
1,496; 274,45191524471977
1,497; 275,099702334226
1,498; 275,76185139005634
1,499; 276,3728279948038
1,5; 276,8975906320496
1,501; 277,4407315381753
1,502; 278,007555134718
1,503; 278,62972620200657
1,504; 279,3186828864782
1,505; 279,9390134714876
1,506; 280,37255828532875
1,507; 280,8389062745452
1,508; 281,4212655203487
1,509; 281,9367395588531
1,51; 282,3296359877316
1,511; 282,7597494670051
1,512; 283,2923859053135
1,513; 283,75121074812927
1,514; 284,13025704433153
1,515; 284,46127071687727
1,516; 284,75353306816913
1,517; 285,06250361774755
1,518; 285,4494151859225
1,519; 285,8735074216712
1,52; 286,30017080085156
1,521; 286,7646591635285
1,522; 287,22667709563456
1,523; 287,6260488676049
1,524; 287,9819113500114
1,525; 288,2488050471056
1,526; 288,3841208167626
1,527; 288,3888603364256
1,528; 288,2806898458971
1,529; 287,9737962083757
1,53; 287,5815566018185
1,531; 287,05808182386374
1,532; 286,4808099608161
1,533; 285,9346738806752
1,534; 285,4722901089228
1,535; 285,0107237509222
1,536; 284,48046633284355
1,537; 284,0024710557771
1,538; 283,57006388087643
1,539; 283,1160131627651
1,54; 282,5799394163512
1,541; 281,9967373020816
1,542; 281,4137718866974
1,543; 280,712732373377
1,544; 279,91547424351745
1,545; 279,0033881573398
1,546; 278,02638009756066
1,547; 276,93999167101686
1,548; 275,88723974912614
1,549; 274,8419524360009
1,55; 273,81906949220354
1,551; 272,9973083357469
1,552; 272,4073255146165
1,553; 271,9608634699333
1,554; 271,5177091667515
1,555; 271,1639662244546
1,556; 270,9128891197673
1,557; 270,7010425137945
1,558; 270,42786467137626
1,559; 270,210927724519
1,56; 270,08550158273465
1,561; 269,9596355029869
1,562; 269,81293356585513
1,563; 269,629099229815
1,564; 269,41854204195965
1,565; 269,22361481859843
1,566; 269,0410842108653
1,567; 268,6842208875811
1,568; 268,16461623149985
1,569; 267,52922156174816
1,57; 266,82056276060257
1,571; 266,009937359336
1,572; 265,1294984406681
1,573; 264,246378781038
1,574; 263,35606863143056
1,575; 262,5355226523245
1,576; 261,74393655062454
1,577; 260,9423372945863
1,578; 260,10446689056664
1,579; 259,2373226111155
1,58; 258,4067340160627
1,581; 257,4736001388343
1,582; 256,4092165048322
1,583; 255,28923419795035
1,584; 254,14264650204336
1,585; 253,02174286899543
1,586; 252,05744158950483
1,587; 251,13857558648954
1,588; 250,20187812709167
1,589; 249,44404177457125
1,59; 248,83486729085627
1,591; 248,25666237284358
1,592; 247,60391793921616
1,593; 246,99239705618334
1,594; 246,44881306315204
1,595; 245,917257316551
1,596; 245,41873462619498
1,597; 244,85994337968924
1,598; 244,20137084840079
1,599; 243,47889161775254
1,6; 242,83228125828765
1,601; 242,14849545644142
1,602; 241,3889997415373
1,603; 240,69006595210084
1,604; 240,08660831449242
1,605; 239,51106551600583
1,606; 238,91082095812646
1,607; 238,43294581507968
1,608; 238,0579458156924
1,609; 237,7040098030016
1,61; 237,2475281960661
1,611; 236,70933301486903
1,612; 236,05185668892193
1,613; 235,35465773263505
1,614; 234,68400939327236
1,615; 234,01588767611838
1,616; 233,32826465604316
1,617; 232,67362478470216
1,618; 232,06950404438206
1,619; 231,46354739466318
1,62; 230,85986774695743
1,621; 230,29938645956716
1,622; 229,77646692730212
1,623; 229,30302340331735
1,624; 228,85875347300055
1,625; 228,55474453524738
1,626; 228,43629664714587
1,627; 228,42140349952416
1,628; 228,4044562804612
1,629; 228,4979035017774
1,63; 228,669289152423
1,631; 228,79629735546814
1,632; 228,80553554000593
1,633; 228,85109483208947
1,634; 229,0564298801276
1,635; 229,21327488228172
1,636; 229,35656076762308
1,637; 229,49393882775715
1,638; 229,62413336794046
1,639; 229,718448094821
1,64; 229,78706307933638
1,641; 229,92104776702408
1,642; 230,13276822055025
1,643; 230,48747774843045
1,644; 231,0010744808368
1,645; 231,60957433236342
1,646; 232,23395412430375
1,647; 233,07749541561384
1,648; 234,17734511431723
1,649; 235,36366302466104
1,65; 236,56434373397764
1,651; 237,96996913933393
1,652; 239,5515184843676
1,653; 241,21055769992964
1,654; 242,8500912560346
1,655; 244,51002223208354
1,656; 246,18996250091317
1,657; 247,90140686337296
1,658; 249,64335845065966
1,659; 251,46251493310714
1,66; 253,25949860887516
1,661; 255,10941247739308
1,662; 257,11139976518797
1,663; 259,1352087529397
1,664; 261,14232000393923
1,665; 263,21292272414155
1,666; 265,3407160164012
1,667; 267,35145179691733
1,668; 269,240955911145
1,669; 271,0815898536614
1,67; 272,9813390409456
1,671; 274,92108194887004
1,672; 276,9116191346571
1,673; 278,93105749741545
1,674; 280,9586835542224
1,675; 283,02298039106677
1,676; 285,0977017826488
1,677; 287,16963730796726
1,678; 289,2210068816023
1,679; 291,2598401968453
1,68; 293,2538315691936
1,681; 295,20086511837036
1,682; 297,1166019494833
1,683; 298,960569083749
1,684; 300,7380477910523
1,685; 302,3847560446798
1,686; 303,9130013252981
1,687; 305,31477402509074
1,688; 306,6224537141936
1,689; 307,8086280167171
1,69; 308,9393544418574
1,691; 310,1464443433874
1,692; 311,532612948273
1,693; 312,92257467485143
1,694; 314,16437262628006
1,695; 315,50885874928963
1,696; 316,9398471584711
1,697; 318,3494993072489
1,698; 319,70775002178164
1,699; 321,0486655977411
1,7; 322,3736196198297
1,701; 323,5985335272176
1,702; 324,6889160719303
1,703; 325,6087915593124
1,704; 326,34827042153137
1,705; 326,82763397386907
1,706; 327,0638705000772
1,707; 327,1082446205532
1,708; 326,96216114256396
1,709; 326,604544331076
1,71; 326,11465418702096
1,711; 325,3964051456163
1,712; 324,51338820898843
1,713; 323,55809359698503
1,714; 322,6169050403423
1,715; 321,74186070803535
1,716; 320,8525427618831
1,717; 320,0873944803606
1,718; 319,5032350647763
1,719; 319,0216243040919
1,72; 318,5829787988465
1,721; 318,22144436763494
1,722; 317,91441600397627
1,723; 317,57000548840955
1,724; 317,10382772498053
1,725; 316,62113351979156
1,726; 316,1722526157861
1,727; 315,6885360445055
1,728; 315,1340651569085
1,729; 314,577922722906
1,73; 314,0058668908317
1,731; 313,293942803845
1,732; 312,43274047821967
1,733; 311,48366189820604
1,734; 310,51567552102966
1,735; 309,4506259682454
1,736; 308,36571262905653
1,737; 307,3020032884457
1,738; 306,33842853579637
1,739; 305,47528918496835
1,74; 304,7990775244436
1,741; 304,29745698867373
1,742; 303,8638756622444
1,743; 303,70351244305675
1,744; 303,81365603096697
1,745; 304,0637859301439
1,746; 304,3522443129072
1,747; 304,885692500372
1,748; 305,6541665461517
1,749; 306,44984459648424
1,75; 307,17717672243236
1,751; 307,9257826959536
1,752; 308,72284146143244
1,753; 309,5392133251561
1,754; 310,38686981869125
1,755; 311,1691418265701
1,756; 311,9099735056499
1,757; 312,6580039680076
1,758; 313,45605557201566
1,759; 314,27610937681703
1,76; 315,0469851471188
1,761; 315,9395409349172
1,762; 317,0443462094855
1,763; 318,2483832266369
1,764; 319,4815875645874
1,765; 320,91613166784873
1,766; 322,5687798300261
1,767; 324,3239210809583
1,768; 326,16917600542746
1,769; 328,23316654682867
1,77; 330,51316888529436
1,771; 332,94614936143006
1,772; 335,41821463746896
1,773; 337,97495382703335
1,774; 340,63820172743294
1,775; 343,20347551430996
1,776; 345,7045601207642
1,777; 348,17590888564564
1,778; 350,58443723066404
1,779; 352,89859085915447
1,78; 355,19266181818534
1,781; 357,4639880976086
1,782; 359,67125483034226
1,783; 361,936658349456
1,784; 364,3380484585049
1,785; 366,7578188626459
1,786; 369,161957533442
1,787; 371,6548502396725
1,788; 374,2709139829603
1,789; 376,87744667026107
1,79; 379,4965345774365
1,791; 382,2283888602956
1,792; 385,0814659964092
1,793; 387,92940805439207
1,794; 390,6539938895807
1,795; 393,37794220137704
1,796; 396,13472964994855
1,797; 398,77878935969574
1,798; 401,20160021077226
1,799; 403,41127859550807
1,8; 405,42588566010346
1,801; 407,1548768759197
1,802; 408,66805753073044
1,803; 409,8524337150544
1,804; 410,78680410729277
1,805; 411,4337359390522
1,806; 411,859571046312
1,807; 412,0641887082987
1,808; 412,079968036945
1,809; 411,9986360242368
1,81; 411,91379284475335
1,811; 411,74611368982056
1,812; 411,4506542096648
1,813; 411,1093107310272
1,814; 410,7948310905981
1,815; 410,4838719444359
1,816; 410,0575209461622
1,817; 409,63674487664457
1,818; 409,25838378300693
1,819; 408,80212624066496
1,82; 408,1944695346597
1,821; 407,38513437828317
1,822; 406,4045247588426
1,823; 405,11548985183913
1,824; 403,56274516392455
1,825; 401,79627674107326
1,826; 399,8902275993554
1,827; 397,8718099357834
1,828; 395,76091656189595
1,829; 393,5468696131379
1,83; 391,24837491465144
1,831; 388,92055010642366
1,832; 386,6167454063477
1,833; 384,19349243989427
1,834; 381,6071490601776
1,835; 379,0450017393239
1,836; 376,55984153486736
1,837; 374,0193314372972
1,838; 371,37593859540175
1,839; 368,78117060307693
1,84; 366,27226106996983
1,841; 363,6438238719702
1,842; 360,86552554924697
1,843; 358,07504949730685
1,844; 355,35947185759017
1,845; 352,6206751546487
1,846; 349,77861775136915
1,847; 346,9277907630895
1,848; 344,07603662741644
1,849; 341,1433566446651
1,85; 338,0923607553884
1,851; 334,94544906422533
1,852; 331,74884941693364
1,853; 328,5057050731478
1,854; 325,30073869591837
1,855; 322,13992067131943
1,856; 318,9572868224234
1,857; 315,8680318418805
1,858; 312,9435484864961
1,859; 310,17384585540356
1,86; 307,4310470699067
1,861; 304,8112060823522
1,862; 302,4322193272929
1,863; 300,23001479906253
1,864; 298,0547062091998
1,865; 296,15606322379244
1,866; 294,5654554188447
1,867; 293,0827966897385
1,868; 291,7135046518546
1,869; 290,6222397839066
1,87; 289,7369967726332
1,871; 288,9767276088746
1,872; 288,22651764453934
1,873; 287,48321334420194
1,874; 286,73737528753963
1,875; 286,02350723591104
1,876; 285,4286378699536
1,877; 284,89421233499843
1,878; 284,35692796108253
1,879; 283,98308244578016
1,88; 283,87805129782834
1,881; 283,9570658545472
1,882; 284,08591831043816
1,883; 284,52191302634265
1,884; 285,2800269987796
1,885; 286,2844161485594
1,886; 287,4299441191433
1,887; 288,75198370880963
1,888; 290,2525689138906
1,889; 291,8116568504729
1,89; 293,3281606831322
1,891; 294,8561993972643
1,892; 296,43084649027867
1,893; 298,0101574198163
1,894; 299,6018344656863
1,895; 301,1479230443974
1,896; 302,6804287549634
1,897; 304,20995159983687
1,898; 305,6968558234162
1,899; 307,1052582496285
1,9; 308,4429885313801
1,901; 309,8803835405482
1,902; 311,4413571229146
1,903; 313,02811043355763
1,904; 314,54728614769067
1,905; 316,24467240795195
1,906; 318,1932019406201
1,907; 320,160608644463
1,908; 322,10017050063493
1,909; 324,2031193711076
1,91; 326,4686574240229
1,911; 328,7296429662626
1,912; 330,9441102504062
1,913; 333,2892942144576
1,914; 335,7510123595868
1,915; 338,18298831431275
1,916; 340,5597258938651
1,917; 342,88951549260736
1,918; 345,16836353166184
1,919; 347,40095264237834
1,92; 349,6620253336043
1,921; 351,92691930811407
1,922; 354,0440181410505
1,923; 356,086362594879
1,924; 358,13275547504537
1,925; 360,0716408230425
1,926; 361,9494583050287
1,927; 363,9047871313183
1,928; 365,9071176311085
1,929; 367,8738969900477
1,93; 369,8219545821794
1,931; 371,8493283207637
1,932; 374,0667013084945
1,933; 376,37923759357557
1,934; 378,68898265917835
1,935; 381,01962553580967
1,936; 383,37169435872386
1,937; 385,59186128332374
1,938; 387,6589850960345
1,939; 389,60625072509765
1,94; 391,48266623024745
1,941; 393,24662296941005
1,942; 394,92328757210237
1,943; 396,3828040623263
1,944; 397,65684098501913
1,945; 398,7731657044959
1,946; 399,77170684172404
1,947; 400,594966818839
1,948; 401,203078724612
1,949; 401,6704880634745
1,95; 402,0263652975324
1,951; 402,2405501365174
1,952; 402,4323817209481
1,953; 402,6186109795774
1,954; 402,82280880799743
1,955; 402,9638922400544
1,956; 403,0069164924705
1,957; 403,07094716984636
1,958; 403,22216547882806
1,959; 403,30092249334757
1,96; 403,23334665122604
1,961; 403,17352439352453
1,962; 403,1984784604151
1,963; 403,1471558565794
1,964; 402,96960267952295
1,965; 402,62955726278335
1,966; 402,14694599349957
1,967; 401,53682020847054
1,968; 400,79032104385897
1,969; 399,94106690146526
1,97; 399,07633713660476
1,971; 398,2597167862126
1,972; 397,5117563960461
1,973; 396,72034513834706
1,974; 395,8247031225145
1,975; 395,00738368568864
1,976; 394,2982550254499
1,977; 393,5769669682975
1,978; 392,83737375371163
1,979; 392,0543927710157
1,98; 391,2704060098758
1,981; 390,41736147440986
1,982; 389,5697355457088
1,983; 388,7171581631793
1,984; 387,83636259686034
1,985; 386,7744702627681
1,986; 385,4206146295091
1,987; 383,86070569734864
1,988; 382,11056220245734
1,989; 380,0630403343662
1,99; 377,77672122579656
1,991; 375,28618863036075
1,992; 372,5603943183504
1,993; 369,69370544516437
1,994; 366,79434347382784
1,995; 363,7941467156954
1,996; 360,74831180621624
1,997; 357,7960854581082
1,998; 354,9842321670658
1,999; 352,1801838326961
2; 360,68793586687684
2,001; 362,72722859150105
2,002; 364,5979261266832
2,003; 366,2813004728805
2,004; 367,8655973842573
2,005; 369,3922703167286
2,006; 370,95014537011343
2,007; 372,5498191167914
2,008; 374,1139291186418
2,009; 375,6704124339449
2,01; 377,3095100260948
2,011; 379,063450267445
2,012; 380,82624389188953
2,013; 382,6188565307389
2,014; 384,34405939631245
2,015; 385,92901331360133
2,016; 387,4387318619612
2,017; 388,7815734026152
2,018; 389,96107925084505
2,019; 390,93380186946587
2,02; 391,8079474377147
2,021; 392,4962443033712
2,022; 392,97358099780536
2,023; 393,2179208333041
2,024; 393,2789820489504
2,025; 393,17944032183465
2,026; 392,9142944557676
2,027; 392,4606257417283
2,028; 391,9448337935228
2,029; 391,35164111522727
2,03; 390,66256558104396
2,031; 389,94733825275705
2,032; 389,26387244990275
2,033; 388,5573114380517
2,034; 387,7758768286524
2,035; 386,9989897696709
2,036; 386,1771609234659
2,037; 385,28126961281
2,038; 384,3643648712102
2,039; 383,3941569998967
2,04; 382,29930085898224
2,041; 381,0544237159261
2,042; 379,6639964981489
2,043; 377,9892026897421
2,044; 375,98858433959674
2,045; 373,69356925822524
2,046; 371,20966519511217
2,047; 368,5184332354482
2,048; 365,6242162429726
2,049; 362,6069183505028
2,05; 359,5157046556243
2,051; 356,39565482247383
2,052; 353,3088868544004
2,053; 350,2811177139563
2,054; 347,1791133438605
2,055; 344,05724396735894
2,056; 340,89335339679735
2,057; 337,7124897243008
2,058; 334,61502636219154
2,059; 331,490734977648
2,06; 328,266517047207
2,061; 325,0118570724084
2,062; 321,89720016506317
2,063; 318,78558857826414
2,064; 315,5012232340475
2,065; 312,1238756316242
2,066; 308,85618313560497
2,067; 305,64670432326506
2,068; 302,3199921576065
2,069; 298,94921802068336
2,07; 295,60483720838846
2,071; 292,2793505781395
2,072; 289,0374337594342
2,073; 285,91285243604887
2,074; 282,82027733392295
2,075; 279,92690909477324
2,076; 277,32613356849765
2,077; 275,00004360660427
2,078; 272,80200375633046
2,079; 270,8228126127829
2,08; 269,0640643564659
2,081; 267,506039422253
2,082; 266,00787551534535
2,083; 264,6503717906703
2,084; 263,4934599383237
2,085; 262,3993813188153
2,086; 261,25636948096593
2,087; 260,171727993365
2,088; 259,13217421685374
2,089; 258,1247787402334
2,09; 257,1672910275558
2,091; 256,1958375130012
2,092; 255,1477048802954
2,093; 254,11149045826835
2,094; 253,24525468993883
2,095; 252,50337404960143
2,096; 251,79937699434163
2,097; 251,25232447171732
2,098; 250,89880608762442
2,099; 250,67979701258588
2,1; 250,50334274195552
2,101; 250,47996135069235
2,102; 250,66377600832885
2,103; 251,1067709561201
2,104; 251,72382046129687
2,105; 252,6188951365174
2,106; 253,8175096586611
2,107; 255,30769241540932
2,108; 256,87768808009827
2,109; 258,52672543192284
2,11; 260,3134078342857
2,111; 262,18462466005747
2,112; 264,1207299504962
2,113; 266,0851720541078
2,114; 267,9947061851204
2,115; 269,92602110154667
2,116; 272,03119838696597
2,117; 274,2460370511378
2,118; 276,38951309174854
2,119; 278,5497940050642
2,12; 280,8659252926804
2,121; 283,27241276803073
2,122; 285,6350400229072
2,123; 288,1819374581873
2,124; 291,0404724112754
2,125; 294,13026748649764
2,126; 297,26262089147764
2,127; 300,48997559994365
2,128; 303,9428737684814
2,129; 307,4697033499417
2,13; 310,9775284171657
2,131; 314,4108350924822
2,132; 317,7096921952602
2,133; 320,8780029614394
2,134; 324,05567509576133
2,135; 327,1700002900183
2,136; 330,16277350213136
2,137; 333,1015200143812
2,138; 336,0416956562003
2,139; 338,9272244614652
2,14; 341,6799561594469
2,141; 344,3688453180987
2,142; 347,00186179088166
2,143; 349,4990765441486
2,144; 351,90726450825525
2,145; 354,2645139183759
2,146; 356,5658216394928
2,147; 358,7505451074556
2,148; 360,98508265255583
2,149; 363,23677384388145
2,15; 365,49777424405556
2,151; 367,75624622903933
2,152; 369,96398634795867
2,153; 372,1064220429701
2,154; 374,1851975506412
2,155; 376,12405805661484
2,156; 377,92807441461434
2,157; 379,632365638279
2,158; 381,3135576161914
2,159; 382,93481311095604
2,16; 384,5116464064055
2,161; 385,9969621004036
2,162; 387,4763380597754
2,163; 388,85846583759445
2,164; 390,05419785238024
2,165; 391,0997252242089
2,166; 392,0498067040436
2,167; 392,9074212519473
2,168; 393,8784883302495
2,169; 395,00123717120624
2,17; 396,098530227841
2,171; 397,3118259769742
2,172; 398,7400950363765
2,173; 400,2798294232057
2,174; 401,8759192930736
2,175; 403,5031550826564
2,176; 405,1440907235186
2,177; 406,7267333369409
2,178; 408,27034081142364
2,179; 409,85680522749556
2,18; 411,4460151515061
2,181; 413,0029942282616
2,182; 414,4686090294422
2,183; 415,7655959359131
2,184; 416,91834675295854
2,185; 417,83186949299704
2,186; 418,49390209119645
2,187; 418,9273917604141
2,188; 419,2335855380036
2,189; 419,4854438567043
2,19; 419,7221386770493
2,191; 419,9290230024019
2,192; 420,06651414898363
2,193; 420,2295855113929
2,194; 420,5173998614904
2,195; 420,79664081703834
2,196; 420,96364613500555
2,197; 421,0432503704305
2,198; 421,1690414649349
2,199; 421,31013059101167
2,2; 421,41111539102246
2,201; 421,544714701958
2,202; 421,8322290059358
2,203; 422,19819596884474
2,204; 422,47579104196143
2,205; 422,736838337555
2,206; 423,0648528708749
2,207; 423,4211822339401
2,208; 423,5853720446647
2,209; 423,70935696285346
2,21; 423,79843348565237
2,211; 423,89294845551296
2,212; 424,1865328486653
2,213; 424,5028947104811
2,214; 424,6494534500699
2,215; 424,78232242505607
2,216; 425,11202479403113
2,217; 425,46075649376877
2,218; 425,6400304900692
2,219; 425,8434373291212
2,22; 426,29978301173014
2,221; 426,9112684585126
2,222; 427,50112437790733
2,223; 428,2959587823104
2,224; 429,4454550644519
2,225; 430,8121753426872
2,226; 432,2418023449861
2,227; 433,80535994010506
2,228; 435,40050253068944
2,229; 436,9339860001166
2,23; 438,36256570702926
2,231; 439,6047950750994
2,232; 440,6301804992107
2,233; 441,4266455809762
2,234; 442,1509316700358
2,235; 442,77111868888153
2,236; 443,2095523026603
2,237; 443,5392285521846
2,238; 443,84264649184826
2,239; 443,98153949254174
2,24; 443,9061776391343
2,241; 443,8038025641905
2,242; 443,84527555233024
2,243; 444,0052381840751
2,244; 444,24110581450594
2,245; 444,6622194022732
2,246; 445,36387287777916
2,247; 446,2204830630655
2,248; 447,0104864852202
2,249; 447,80159630315507
2,25; 448,7206296734173
2,251; 449,6102132271143
2,252; 450,3500012074302
2,253; 450,9507869968106
2,254; 451,3741824307241
2,255; 451,5869892933024
2,256; 451,6835642864961
2,257; 451,6515261211637
2,258; 451,43351072075757
2,259; 451,05416087603794
2,26; 450,69400578920397
2,261; 450,317140784029
2,262; 449,82029689426986
2,263; 449,351500956632
2,264; 449,07369927600075
2,265; 448,91993961406405
2,266; 448,7879148880146
2,267; 448,7584560030907
2,268; 448,9377889529587
2,269; 449,16316086693075
2,27; 449,40130623598907
2,271; 449,6888606296909
2,272; 449,93293289941766
2,273; 450,1650530656343
2,274; 450,3929672187171
2,275; 450,561645037101
2,276; 450,58233238187154
2,277; 450,52559961988015
2,278; 450,4337045825164
2,279; 450,1586238146841
2,28; 449,67999034569755
2,281; 448,95377521274656
2,282; 448,05089212398184
2,283; 446,85747759903154
2,284; 445,43947304600636
2,285; 443,7632498646849
2,286; 441,897998191894
2,287; 439,8439303126622
2,288; 437,74106937745995
2,289; 435,58768823766394
2,29; 433,4378779846669
2,291; 431,3123751645618
